{"cameraMode":{"drawMode":0,"name":"Shaded","section":"Shading Mode"},"sceneLighting":true,"audioPlay":false,"sceneViewState":{"m_AlwaysRefresh":false,"showFog":true,"showSkybox":true,"showFlares":true,"showImageEffects":true,"showParticleSystems":true,"showVisualEffectGraphs":true,"m_FxEnabled":true},"in2DMode":false,"pivot":{"x":-1.155894160270691,"y":-0.25569915771484377,"z":-0.19335174560546876},"rotation":{"x":-0.35397079586982729,"y":0.000558159314095974,"z":-0.00021304178517311811,"w":-0.9352644681930542},"size":14.142135620117188,"orthographic":false}